State,University
Alabama, Air University
Alabama, Alabama A&M University
Alabama, Alabama State University
Alabama, Athens State University
Alabama, Auburn University
Alabama, Auburn University at Montgomery
Alabama, Birmingham-Southern College
Alabama, Concordia College-Selma
Alabama, Faulkner University
Alabama, Huntingdon College
Alabama, Jacksonville State University
Alabama, Judson College
Alabama, Miles College
Alabama, Oakwood College
Alabama, Samford University
Alabama, Southeastern Bible College
Alabama, Southern Christian University
Alabama, Spring Hill College
Alabama, Stillman College
Alabama, Talladega College
Alabama, Troy State University (main campus)
Alabama, Tuskegee University
Alabama, United States Sports Academy
Alabama, University of Alabama System
Alabama, University of Mobile
Alabama, University of Montevallo
Alabama, University of North Alabama
Alabama, University of South Alabama
Alabama, University of West Alabama
Alabama,Birmingham
Alabama,Dothan
Alabama,Florida Region
Alabama,Huntsville
Alabama,Montgomery
Alabama,Tuscaloosa (main campus)
Alaska, Alaska Bible College
Alaska, Alaska Pacific University
Alaska, Sheldon Jackson College
Alaska, University of Alaska System
Alaska,Anchorage
Alaska,Fairbanks
Alaska,Southeast (Juneau)
Arizona, American Graduate School of International Management
Arizona, American Indian College of the Assemblies of God
Arizona, Arizona State University
Arizona, Arizona State University East
Arizona, Arizona State University West
Arizona, DeVry University-Phoenix
Arizona, Embry-Riddle Aeronautical University
Arizona, Grand Canyon University
Arizona, Northern Arizona University
Arizona, Prescott College
Arizona, Southwestern College
Arizona, University of Arizona
Arizona, University of Phoenix
Arizona, Western International University
Arkansas, Arkansas Baptist College
Arkansas," Arkansas State University, Jonesboro"
Arkansas, Arkansas Tech University
Arkansas, Central Baptist College
Arkansas, Harding University
Arkansas, Henderson State University
Arkansas, Hendrix College
Arkansas, John Brown University
Arkansas, Lyon College
Arkansas, Ouachita Baptist University
Arkansas, Philander Smith College
Arkansas, Southern Arkansas University
Arkansas, University of Arkansas System
Arkansas, University of Central Arkansas
Arkansas, University of the Ozarks
Arkansas, Williams Baptist College
Arkansas,Fayetteville
Arkansas,Fort Smith
Arkansas,Little Rock
Arkansas,Medical Sciences
Arkansas,Monticello
Arkansas,Pine Bluff
California, Alliant International University
California, Antioch University-Los Angeles
California, Art Center College of Design
California, Azusa Pacific University
California, Bethany College
California, Biola University
California, California Baptist University
California, California College of Arts & Crafts
California, California Institute of Integral Studies
California, California Institute of Technology
California, California Institute of the Arts
California, California Lutheran University
California, California National University
California, California Pacific University
California, California State University System
California, Chapman University
California, Christian Heritage College
California, Claremont Consortium of Colleges
California, Cogswell Polytechnical College
California, Concordia University-Irvine
California, Defense Language Institute
California, DeVry University-Long Beach
California, DeVry University-Pomona
California, Dominican University of California
California, Fielding Graduate Institute
California, Fresno Pacific University
California, Fuller Theological Seminary
California, Golden Gate University
California, Holy Names College
California, Hope International University
California, Humphreys College
California, Institute of Transpersonal Psychology
California, John F Kennedy University
California, La Sierra University
California, Life Pacific College
California, Lincoln University
California, Loma Linda University
California, Loyola Marymount University
California, Marymount College
California, Menlo College
California, Mills College
California, Monterey Institute of International Studies
California, Mount St Mary's College
California, National Hispanic University
California, National University
California, Naval Postgraduate School
California, New College of California
California, Notre Dame de Namur University
California, Occidental College
California, Otis College of Art & Design
California, Pacific Oaks College
California, Pacific Union College
California, Pacifica Graduate Institute
California, Patten College
California, Pepperdine University
California, Platt College
California, Point Loma Nazarene College
California, Saint Mary's College of California
California, Samuel Merritt College
California, San Jose Christian College
California, Santa Clara University
California, Saybrook Graduate School & Research Center
California, Simpson College
California, Southern California Institute of Architecture
California, Southwestern University School of Law
California, Stanford University
California, The Master's College
California, The Master's Seminary
California, Thomas Aquinas College
California, University of California System
California, University of Judaism
California, University of La Verne
California, University of Northern California
California, University of Redlands
California, University of San Diego
California, University of San Francisco
California, University of Southern California
California, University of the Pacific
California, University of West Los Angeles
California, Vanguard University of Southern California
California, Western State University College of Law
California, Western University of Health Sciences
California, Westminster Theological Seminary in California
California, Westmont College
California, Whittier College
California, William Howard Taft University
California, Woodbury University
California,Bakersfield
California,Berkeley
California,California
California,California Maritime Academy
California,"California Polytechnic State University, San Luis Obispo"
California,"California State Polytechnic University, Pomona"
California,Channel Islands
California,Chico
California,Claremont Graduate University
California,Claremont McKenna College
California,Davis
California,Dominguez Hills
California,Fresno
California,Fullerton
California,Harvey Mudd College
California,Hastings College of the Law
California,Hayward
California,Humboldt State University
California,Irvine
California,Long Beach
California,Los Angeles
California,Los Angeles
California,Merced
California,Monterey Bay
California,Northridge
California,Pitzer College
California,Pomona College
California,Riverside
California,Sacramento
California,San Bernardino
California,San Diego
California,San Diego State University
California,San Francisco
California,San Francisco State University
California,San Jose State University
California,San Marcos
California,Santa Barbara
California,Santa Cruz
California,Scripps College
California,Sonoma State University
California,Stanislaus
Colorado, Adams State College
Colorado, Colorado Christian University
Colorado, Colorado College
Colorado, Colorado School of Mines
Colorado, Colorado State University
Colorado, Colorado Technical University
Colorado, Fort Lewis College
Colorado, Jones International University
Colorado, Mesa State College
Colorado, Metropolitan State College of Denver
Colorado, Naropa Institute
Colorado, National Technological University
Colorado, Nazarene Bible College
Colorado, Regis University
Colorado, Rocky Mountain College of Art & Design
Colorado, United States Air Force Academy
Colorado, University of Colorado System
Colorado, University of Denver
Colorado, University of Northern Colorado
Colorado, University of Southern Colorado
Colorado, Western State College
Colorado,Boulder
Colorado,Colorado Springs
Colorado,Denver
Colorado,Health Sciences Center
Connecticut, Albertus Magnus College
Connecticut, Central Connecticut State University
Connecticut, Charter Oak State College
Connecticut, Connecticut College
Connecticut, Delaware State University
Connecticut, Eastern Connecticut State University
Connecticut, Fairfield University
Connecticut, Goldey-Beacom College
Connecticut, Holy Apostles College & Seminary
Connecticut, Mitchell College
Connecticut, Quinnipiac College
Connecticut, Rensselaer at Hartford
Connecticut, Sacred Heart University
Connecticut, Southern Connecticut State University
Connecticut, St Joseph College
Connecticut, Teikyo Post University
Connecticut, Trinity College
Connecticut, United States Coast Guard Academy
Connecticut, University of Bridgeport
Connecticut, University of Connecticut
Connecticut, University of Delaware
Connecticut, University of Hartford
Connecticut, University of New Haven
Connecticut, Wesley College
Connecticut, Wesleyan University
Connecticut, Western Connecticut State University
Connecticut, Wilmington College
Connecticut, Yale University
District of Columbia, American University
District of Columbia, Corcoran College of Art & Design
District of Columbia, Gallaudet University
District of Columbia, George Washington University
District of Columbia, Georgetown University
District of Columbia, Howard University
District of Columbia, National Defense University
District of Columbia, Southeastern University
District of Columbia, Strayer University
District of Columbia, The Catholic University of America
District of Columbia, Trinity College
District of Columbia, University of the District of Columbia
District of Columbia,George Washington University at Mount Vernon College
Florida, Barry University
Florida, Bethune-Cookman College
Florida, Carlos Albizu University-Miami
Florida, Clearwater Christian College
Florida, DeVry University-Orlando
Florida, Eckerd College
Florida, Edward Waters College
Florida, Embry-Riddle Aeronautical University
Florida, Flagler College
Florida, Florida Agricultural & Mechanical University
Florida, Florida Atlantic University
Florida, Florida Christian College
Florida, Florida College
Florida, Florida Gulf Coast University
Florida, Florida Hospital College of Health Sciences
Florida, Florida Institute of Technology
Florida, Florida International University
Florida, Florida Memorial College
Florida, Florida Metropolitan University
Florida, Florida Southern College
Florida, Florida State University
Florida, Hobe Sound Bible College
Florida, International College
Florida, International Fine Arts College
Florida, Jacksonville University
Florida, Jones College
Florida, Lynn University
Florida, Northwood University
Florida, Nova Southeastern University
Florida, Palm Beach Atlantic College
Florida, Ringling School of Art & Design
Florida, Rollins College
Florida, Saint John Vianney College Seminary
Florida, Saint Leo College
Florida, South Florida Bible College & Theological Seminary
Florida, Southeastern College of the Assemblies of God
Florida, St Thomas University
Florida, Stetson University
Florida, The Baptist College of Florida
Florida, Trinity College of Florida
Florida, Troy State University-Florida Region
Florida, University of Central Florida
Florida, University of Florida
Florida, University of Miami
Florida, University of North Florida
Florida, University of South Florida
Florida, University of Tampa
Florida, University of West Florida
Florida, Warner Southern College
Florida, Webber College
Florida,Panama City campus
Georgia, Agnes Scott College
Georgia, American InterContinental University
Georgia, Art Institute of Atlanta
Georgia, Atlanta Christian College
Georgia, Atlanta College of Art
Georgia, Berry College
Georgia, Brenau University
Georgia, Brewton-Parker College
Georgia, Clark Atlanta University
Georgia, Covenant College
Georgia, Dalton State College
Georgia, Emmanuel College
Georgia, Emory University
Georgia, Institute of Paper Science & Technology
Georgia, LaGrange College
Georgia, Life University
Georgia, Mercer University
Georgia, Morehouse College
Georgia, Morris Brown College
Georgia, Oglethorpe University
Georgia, Paine College
Georgia, Piedmont College
Georgia, Reinhardt College
Georgia, Savannah College of Art & Design
Georgia, Shorter College
Georgia, South University
Georgia, Spelman College
Georgia, Thomas University
Georgia, Toccoa Falls College
Georgia, University System of Georgia
Georgia, Wesleyan College
Georgia,Albany State University
Georgia,Armstrong Atlantic State University
Georgia,Augusta State University
Georgia,Clayton College & State University
Georgia,Columbus State University
Georgia,Fort Valley State University
Georgia,Georgia College & State University
Georgia,Georgia Institute of Technology
Georgia,Georgia Southern University
Georgia,Georgia Southwestern State University
Georgia,Georgia State University
Georgia,Kennesaw State University
Georgia,Macon State College
Georgia,Medical College of Georgia
Georgia,Middle Georgia College
Georgia,North Georgia College & State University
Georgia,Savannah State University
Georgia,Southern Polytechnic State University
Georgia,State University of West Georgia
Georgia,University of Georgia
Georgia,Valdosta State University
Guam, University of Guam
Hawaii, Brigham Young University-Hawaii
Hawaii, Chaminade University
Hawaii, Hawaii Pacific University
Hawaii, University of Hawaii System
Hawaii,Hilo
Hawaii,Manoa
Hawaii,West Oahu
Idaho, Albertson College of Idaho
Idaho, Boise State University
Idaho, Brigham Young University-Idaho
Idaho, Idaho State University
Idaho, Lewis-Clark State College
Idaho, Northwest Nazarene College
Idaho, University of Idaho
Illinois, Augustana College
Illinois, Aurora University
Illinois, Barat College
Illinois, Benedictine University
Illinois, Blackburn College
Illinois, Bradley University
Illinois, Chicago State University
Illinois, College of DuPage
Illinois, Columbia College
Illinois, Concordia University-River Forest
Illinois, DePaul University
Illinois, DeVry University
Illinois, DeVry University-Chicago
Illinois, DeVry University-DuPage
Illinois, Dominican University
Illinois, Eastern Illinois University
Illinois, East-West University
Illinois, Elmhurst College
Illinois, Erikson Institute
Illinois, Eureka College
Illinois, Governors State University
Illinois, Greenville College
Illinois, Illinois College
Illinois, Illinois Institute of Technology
Illinois, Illinois State University
Illinois, Illinois Wesleyan University
Illinois, Judson College
Illinois, Kendall College
Illinois, Knox College
Illinois, Lake Forest College
Illinois, Lakeview College of Nursing
Illinois, Lewis University
Illinois, Lincoln Christian College & Seminary
Illinois, Loyola University Chicago
Illinois, Lutheran School of Theology at Chicago
Illinois, McKendree College
Illinois, McMurray College
Illinois, Midwestern University
Illinois, Millikin University
Illinois, Monmouth College
Illinois, Moody Bible Institute
Illinois, National University of Health Sciences
Illinois, National-Louis University
Illinois, North Central College
Illinois, North Park University
Illinois, Northeastern Illinois University
Illinois, Northern Illinois University
Illinois, Northwestern University
Illinois, Olivet Nazarene University
Illinois, Principia College
Illinois, Quincy University
Illinois, Robert Morris College
Illinois, Rockford College
Illinois, Roosevelt University
Illinois, Rush University
Illinois, Saint Anthony College of Nursing
Illinois, School of the Art Institute of Chicago
Illinois, Shimer College
Illinois, Southern Illinois University System
Illinois, Spertus Institute of Jewish Studies
Illinois, St Xavier University
Illinois, The Chicago School of Professional Psychology
Illinois, Trinity Christian College
Illinois, Trinity International University
Illinois, University of Chicago
Illinois, University of Illinois System
Illinois, University of St Francis
Illinois, Western Illinois University
Illinois, Wheaton College
Illinois,Carbondale
Illinois,Chicago
Illinois,Edwardsville
Illinois,Springfield
Illinois,Urbana-Champaign
Indiana, Anderson University
Indiana, Ball State University
Indiana, Bethel College
Indiana, Butler University
Indiana, Calumet College of St Joseph
Indiana, Christian Theological Seminary
Indiana, Concordia Theological Seminary-Fort Wayne
Indiana, DePauw University
Indiana, Earlham College
Indiana, Franklin College
Indiana, Goshen College
Indiana, Grace College
Indiana, Hanover College
Indiana, Holy Cross College
Indiana, Huntington College
Indiana, Indiana Institute of Technology
Indiana, Indiana State University
Indiana, Indiana University System
Indiana," Indiana Wesleyan University, Marion"
Indiana, Manchester College
Indiana, Marian College
Indiana, Martin University
Indiana, Oakland City University
Indiana, Purdue University System
Indiana, Rose-Hulman Institute of Technology
Indiana, Saint Joseph's College
Indiana, Saint Mary-of-the-Woods College
Indiana, Saint Mary's College
Indiana, Taylor University
Indiana, Tri-State University
Indiana, University of Evansville
Indiana, University of Indianapolis
Indiana, University of Notre Dame
Indiana, University of Saint Francis
Indiana, University of Southern Indiana
Indiana, Valparaiso University
Indiana, Wabash College
Indiana,Indiana University/Purdue University at Columbus
Indiana,Indiana University/Purdue University at Columbus
Indiana,Indiana University/Purdue University at Fort Wayne
Indiana,Indiana University/Purdue University at Fort Wayne
Indiana,Indiana University/Purdue University at Indianapolis
Indiana,Indiana University/Purdue University at Indianapolis
Indiana,Indiana University-Bloomington
Indiana,Indiana University-East
Indiana,Indiana University-Kokomo
Indiana,Indiana University-Northwest
Indiana,Indiana University-South Bend
Indiana,Indiana University-Southeast
Indiana,Purdue University
Indiana,Purdue University Calumet
Indiana,Purdue University North Central
Indiana,School of Technology at Anderson
Indiana,School of Technology at Columbus
Indiana,School of Technology at Indianapolis
Indiana,School of Technology at Kokomo
Indiana,School of Technology at Muncie
Indiana,School of Technology at New Albany
Indiana,School of Technology at Richmond
Indiana,School of Technology at South Bend/Elkhart
Indiana,School of Technology at Versailles
Iowa, Allen College
Iowa, Briar Cliff College
Iowa, Buena Vista University
Iowa, Central College
Iowa, Clarke College
Iowa, Coe College
Iowa, Cornell College
Iowa, Des Moines University-Osteopathic Medical Center
Iowa, Divine Word College
Iowa, Dordt College
Iowa, Drake University
Iowa, Emmaus Bible College
Iowa, Faith Baptist Bible College & Theological Seminary
Iowa, Graceland College
Iowa, Grand View College
Iowa, Grinnell College
Iowa, Iowa State University
Iowa, Iowa Wesleyan College
Iowa, Loras College
Iowa, Luther College
Iowa, Maharishi University of Management
Iowa, Marycrest International University
Iowa, Morningside College
Iowa, Mount Mercy College
Iowa, Mount St Clare College
Iowa, Northwestern College of Iowa
Iowa, Simpson College
Iowa, St Ambrose University
Iowa, University of Dubuque
Iowa, University of Iowa
Iowa, University of Northern Iowa
Iowa, Upper Iowa University
Iowa, Vennard College
Iowa, Waldorf College
Iowa, Wartburg College
Iowa, William Penn College
Kansas, Barclay College
Kansas, Benedictine College
Kansas, Bethany College
Kansas, Bethel College
Kansas, Central Christian College
Kansas, Emporia State University
Kansas, Fort Hays State University
Kansas, Friends University
Kansas, Haskell Indian Nations University
Kansas, Hesston College
Kansas, Kansas State University
Kansas, Kansas Wesleyan University
Kansas, Manhattan Christian College
Kansas, McPherson College
Kansas, Mid-America Nazarene College
Kansas, Newman University
Kansas, Ottawa University
Kansas, Pittsburg State University
Kansas, Saint Mary College
Kansas, Southwestern College
Kansas, Sterling College
Kansas, Tabor College
Kansas, University of Kansas
Kansas, University of Kansas Medical Center
Kansas, Washburn University
Kansas, Wichita State University
Kentucky, Alice Lloyd College
Kentucky, Asbury College
Kentucky, Asbury Theological Seminary
Kentucky, Bellarmine College
Kentucky, Berea College
Kentucky, Brescia University
Kentucky, Campbellsville University
Kentucky, Centre College
Kentucky, Clear Creek Baptist Bible College
Kentucky, Cumberland College
Kentucky, Eastern Kentucky University
Kentucky, Georgetown College
Kentucky, Kentucky Christian College
Kentucky, Kentucky Mountain Bible College
Kentucky, Kentucky State University
Kentucky, Kentucky Wesleyan College
Kentucky, Lindsey Wilson College
Kentucky, Mid-Continent College
Kentucky, Midway College
Kentucky, Morehead State University
Kentucky, Murray State University
Kentucky, Northern Kentucky University
Kentucky, Pikeville College
Kentucky, Southern Baptist Theological Seminary
Kentucky, Spalding University
Kentucky, Sullivan University
Kentucky, Thomas More College
Kentucky, Transylvania University
Kentucky, Union College
Kentucky, University of Kentucky
Kentucky, University of Louisville
Kentucky, Western Kentucky University
Louisiana, Centenary College of Louisiana
Louisiana, Dillard University
Louisiana, Grambling State University
Louisiana, Louisiana College
Louisiana, Louisiana State University System
Louisiana, Louisiana Tech University
Louisiana, Loyola University New Orleans
Louisiana, McNeese State University
Louisiana, Nicholls State University
Louisiana, Northwestern State University of Louisiana
Louisiana, Our Lady of Holy Cross College
Louisiana, Our Lady of the Lake College
Louisiana, Southeastern Louisiana University
Louisiana, Southern University System
Louisiana, Tulane University
Louisiana, University of Louisiana System
Louisiana, Xavier University of Louisiana
Louisiana,Alexandria
Louisiana,Baton Rouge
Louisiana,Baton Rouge
Louisiana,Eunice
Louisiana,Health Sciences Center
Louisiana,Lafayette
Louisiana,Monroe
Louisiana,New Orleans
Louisiana,Shreveport
Louisiana,University of New Orleans
Maine, Bates College
Maine, Bowdoin College
Maine, Colby College
Maine, College of the Atlantic
Maine, Husson College
Maine, Maine College of Art
Maine, Maine Maritime Academy
Maine, St Joseph's College
Maine, Thomas College
Maine, Unity College
Maine, University of Maine System
Maine, University of New England
Maine,Augusta
Maine,Farmington
Maine,Fort Kent
Maine,Machias
Maine,Orono
Maine,Presque Isle
Maine,University of Southern Maine
Maryland, Baltimore Hebrew University
Maryland, Baltimore International College
Maryland, Bowie State University
Maryland, Capitol College
Maryland, Chesapeake College
Maryland, College of Notre Dame of Maryland
Maryland, Columbia Union College
Maryland, Coppin State College
Maryland, Frostburg State University
Maryland, Goucher College
Maryland, Hood College
Maryland, Johns Hopkins University
Maryland, Loyola College
Maryland," Maryland institute, College of Art"
Maryland, McDaniel College
Maryland, Morgan State University
Maryland, Mount Saint Mary's College
Maryland, Salisbury State University
Maryland, Soujourner-Douglass College
Maryland, St John's College-Annapolis
Maryland, St Mary's College of Maryland
Maryland, The Uniformed Services University of the Health Sciences
Maryland, Towson University
Maryland, United States Naval Academy
Maryland, University of Baltimore
Maryland, University of Maryland System
Maryland, Villa Julie College
Maryland, Washington Bible College
Maryland, Washington College
Maryland,Baltimore
Maryland,Baltimore County
Maryland,College Park
Maryland,Eastern Shore
Maryland,University College
Massachusetts, American International College
Massachusetts, Amherst College
Massachusetts, Anna Maria College
Massachusetts, Assumption College
Massachusetts, Atlantic Union College
Massachusetts, Babson College
Massachusetts, Bay Path College
Massachusetts, Becker College
Massachusetts, Benjamin Franklin Institute of Technology
Massachusetts, Bentley College
Massachusetts, Berklee College of Music
Massachusetts, Boston College
Massachusetts, Boston Conservatory
Massachusetts, Boston Graduate School of Psychoanalysis
Massachusetts, Boston University
Massachusetts, Brandeis University
Massachusetts, Bridgewater State College
Massachusetts, Cambridge College
Massachusetts, Clark University
Massachusetts, College of the Holy Cross
Massachusetts, Concord School of Management
Massachusetts, Curry College
Massachusetts, Eastern Nazarene College
Massachusetts, Elms College
Massachusetts, Emerson College
Massachusetts, Emmanuel College
Massachusetts, Endicott College
Massachusetts, Fitchburg State College
Massachusetts, Framingham State College
Massachusetts, Gordon College
Massachusetts, Gordon-Conwell Theological Seminary
Massachusetts, Hampshire College
Massachusetts, Harvard University
Massachusetts, Lasell College
Massachusetts, Lesley College
Massachusetts, Massachuetts College of Pharmacy & Health Sciences
Massachusetts, Massachusetts College of Art
Massachusetts, Massachusetts College of Liberal Arts
Massachusetts, Massachusetts Institute of Technology
Massachusetts, Massachusetts Maritime Academy
Massachusetts, Massachusetts School of Professional Psychology
Massachusetts, Merrimack College
Massachusetts, Mount Holyoke College
Massachusetts, Mount Ida College
Massachusetts, New England College of Optometry
Massachusetts, New England Conservatory of Music
Massachusetts, Newbury College
Massachusetts, Nichols College
Massachusetts, North Adams State College
Massachusetts, Northeastern University
Massachusetts, Pine Manor College
Massachusetts, Regis College
Massachusetts, Salem State College
Massachusetts, Simmons College
Massachusetts, Simon's Rock College
Massachusetts, Smith College
Massachusetts, Springfield College
Massachusetts, Stonehill College
Massachusetts, Suffolk University
Massachusetts, Tufts University
Massachusetts, University of Massachusetts System
Massachusetts, Wellesley College
Massachusetts, Wentworth Institute of Technology
Massachusetts, Western New England College
Massachusetts, Westfield State College
Massachusetts, Weston Jesuit School of Theology
Massachusetts, Wheaton College
Massachusetts, Wheelock College
Massachusetts, Williams College
Massachusetts, Worcester Polytechnic Institute
Massachusetts, Worcester State College
Massachusetts,Amherst
Massachusetts,Boston
Massachusetts,Dartmouth
Massachusetts,Lowell
Massachusetts,Medical School at Worcester
Michigan, Adrian College
Michigan, Albion College
Michigan, Alma College
Michigan, Andrews University
Michigan, Aquinas College
Michigan, Baker College
Michigan, Calvin College
Michigan, Central Michigan University
Michigan, Cleary College
Michigan, College for Creative Studies
Michigan, Concordia College-Ann Arbor
Michigan, Cornerstone University
Michigan, Davenport University
Michigan, Eastern Michigan University
Michigan, Ferris State University
Michigan, Finlandia University
Michigan, Grace Bible College
Michigan, Grand Valley State University
Michigan, Hillsdale College
Michigan, Hope College
Michigan, Kalamazoo College
Michigan, Kendall College of Art & Design
Michigan, Kettering University
Michigan, Lake Superior State University
Michigan, Lawrence Technological University
Michigan, Madonna University
Michigan, Marygrove College
Michigan, Michigan State University
Michigan, Michigan Technological University
Michigan, Northern Michigan University
Michigan, Northwood University
Michigan, Oakland University
Michigan, Olivet College
Michigan, Reformed Bible College
Michigan, Rochester College
Michigan, Saginaw Valley State University
Michigan, Saint Mary's College
Michigan, Siena Heights University
Michigan, Spring Arbor University
Michigan, University of Detroit Mercy
Michigan, University of Michigan System
Michigan, Walsh College
Michigan, Wayne State University
Michigan, Western Michigan University
Michigan, William Tyndale College
Michigan,Ann Arbor
Michigan,Dearborn
Michigan,Flint
Minnesota, Alfred Adler Institute
Minnesota, Augsburg College
Minnesota, Bethany Lutheran College
Minnesota, Bethel College and Seminary
Minnesota, Capella University
Minnesota, Carleton College
Minnesota, College of Saint Benedict
Minnesota, College of St Catherine
Minnesota, College of St Scholastica
Minnesota, College of Visual Arts
Minnesota, Concordia College-Moorhead
Minnesota, Concordia College-St Paul
Minnesota, Crossroads College
Minnesota, Crown College
Minnesota, Gustavus Adolphus College
Minnesota, Hamline University
Minnesota, Luther Seminary
Minnesota, Macalester College
Minnesota, Martin Luther College
Minnesota, Minneapolis College of Art & Design
Minnesota, Minnesota State University System
Minnesota, North Central University
Minnesota," Northwest College, Wyoming"
Minnesota, Oak Hills Christian College
Minnesota, Pillsbury Baptist Bible College
Minnesota, Saint John's University
Minnesota, Saint Mary's University of Minnesota
Minnesota, Saint Olaf College
Minnesota, University of Minnesota System
Minnesota, University of Saint Thomas
Minnesota, Walden University
Minnesota, William Mitchell College of Law
Minnesota,Bemidji State University
Minnesota,Crookston
Minnesota,Duluth
Minnesota,Metropolitan State University
Minnesota,Minnesota State University-Mankato
Minnesota,Minnesota State University-Moorhead
Minnesota,Morris
Minnesota,Southwest State University
Minnesota,St Cloud State University
Minnesota,Twin Cities
Minnesota,Winona State University
Mississippi, Alcorn State University
Mississippi, Belhaven College
Mississippi, Blue Mountain College
Mississippi, Delta State University
Mississippi, Jackson State University
Mississippi, Magnolia Bible College
Mississippi, Millsaps College
Mississippi, Mississippi College
Mississippi, Mississippi State University
Mississippi, Mississippi University for Women
Mississippi, Mississippi Valley State University
Mississippi, Rust College
Mississippi, Tougaloo College
Mississippi, University of Mississippi
Mississippi, University of Mississippi Medical Center
Mississippi, University of Southern Mississippi
Mississippi, William Carey College
Missouri, Avila College
Missouri, Baptist Bible College
Missouri, Central Bible College
Missouri, Central Christian College of the Bible
Missouri, Central Methodist College
Missouri, Central Missouri State University
Missouri, Cleveland Chiropractic College
Missouri, College of the Ozarks
Missouri, Columbia College
Missouri, Concordia Seminary-St Louis
Missouri, Culver-Stockton College
Missouri, DeVry University-Kansas City
Missouri, Drury University
Missouri, Evangel University
Missouri, Fontbonne College
Missouri, Forest Institute of Professional Psychology
Missouri, Greenleaf University
Missouri, Hannibal-Lagrange College
Missouri, Harris-Stowe State College
Missouri, Kirksville College of Osteopathic Medicine
Missouri, Lincoln University
Missouri, Lindenwood University
Missouri, Logan College of Chiropractic
Missouri, Maryville University of St Louis
Missouri, Missouri Baptist College
Missouri, Missouri Southern State College
Missouri, Missouri Valley College
Missouri, Missouri Western State College
Missouri, Northwest Missouri State University
Missouri, Ozark Christian College
Missouri, Park University
Missouri, Rockhurst University
Missouri, Saint Louis University
Missouri, Southeast Missouri State University
Missouri, Southwest Baptist University
Missouri, Southwest Missouri State University
Missouri, St Louis College of Pharmacy
Missouri, Stephens College
Missouri, Truman State University
Missouri, University of Missouri System
Missouri," Washington University, St Louis"
Missouri, Webster University
Missouri, Westminster College
Missouri, William Jewell College
Missouri, William Woods University
Missouri,Columbia
Missouri,Kansas City
Missouri,Rolla
Missouri,St Louis
Montana, Carroll College
Montana, Montana State University System
Montana, Rocky Mountain College
Montana, Salish Kootenai College
Montana, University of Great Falls
Montana, University of Montana System
Montana,Billings
Montana,Bozeman
Montana,Missoula
Montana,Montana Tech
Montana,Northern
Montana,Western Montana College of The University of Montana
Nebraska, Bellevue University
Nebraska, Chadron State College
Nebraska, Clarkson College
Nebraska, College of Saint Mary
Nebraska, Concordia University-Nebraska
Nebraska, Creighton University
Nebraska, Dana College
Nebraska, Doane College
Nebraska, Grace University
Nebraska, Hastings College
Nebraska, Midland Lutheran College
Nebraska, Nebraska Christian College
Nebraska, Nebraska Methodist College
Nebraska, Nebraska Wesleyan University
Nebraska, Peru State College
Nebraska, Union College
Nebraska, University of Nebraska System
Nebraska, Wayne State College
Nebraska, York College
Nebraska,Kearney
Nebraska,Lincoln
Nebraska,Medical Center
Nebraska,Omaha
Nevada, Sierra Nevada College
Nevada, University of Nevada System
Nevada,Las Vegas
Nevada,Reno
New Hampshire, Antioch New England
New Hampshire, Colby-Sawyer College
New Hampshire, College for Lifelong Learning
New Hampshire, Daniel Webster College
New Hampshire, Dartmouth College
New Hampshire, Franklin Pierce College
New Hampshire, Franklin Pierce Law Center
New Hampshire, Keene State College
New Hampshire, New England College
New Hampshire, New Hampshire College
New Hampshire, Notre Dame College
New Hampshire, Plymouth State College
New Hampshire, Rivier College
New Hampshire, Saint Anselm College
New Hampshire, Southern New Hampshire University
New Hampshire, The Thomas More College of Liberal Arts
New Hampshire, University of New Hampshire
New Hampshire, University of New Hampshire at Manchester
New Hampshire, White Pines College
New Jersey, Berkeley College
New Jersey, Bloomfield College
New Jersey, Caldwell College
New Jersey, Centenary College
New Jersey, College of Saint Elizabeth
New Jersey, Drew University
New Jersey, Fairleigh Dickinson University
New Jersey, Felician College
New Jersey, Georgian Court College
New Jersey, Kean University
New Jersey, Monmouth University
New Jersey, Montclair State University
New Jersey, New Jersey City University
New Jersey, New Jersey Institute of Technology
New Jersey, Princeton University
New Jersey, Ramapo College
New Jersey, Richard Stockton College of New Jersey
New Jersey, Rider University
New Jersey, Rowan University
New Jersey, Rutgers University
New Jersey, Saint Peter's College
New Jersey, Seton Hall University
New Jersey, Stevens Institute of Technology
New Jersey, The College of New Jersey
New Jersey, Thomas Edison State College
New Jersey, University of Medicine & Dentistry of New Jersey
New Jersey, William Paterson University
New Jersey,Camden
New Jersey,New Brunswick
New Jersey,Newark
New Mexico, College of Santa Fe
New Mexico, College of the Southwest
New Mexico, Eastern New Mexico University
New Mexico, New Mexico Highlands University
New Mexico, New Mexico Institute of Mining & Technology
New Mexico, New Mexico State University
New Mexico, St John's College-Santa Fe
New Mexico, University of New Mexico
New Mexico, Western New Mexico University
New York, Adelphi University
New York, Albany College of Pharmacy
New York, Albany Medical College
New York, Alfred University
New York, Bank Street College of Education
New York, Bard College
New York, Barnard College
New York, Boricua College
New York, Canisius College
New York, Cazenovia College
New York, City University of New York System (also see -year campuses)
New York, Clarkson University
New York, Colgate University
New York, College of Aeronautics
New York, College of Mount St Vincent
New York, College of New Rochelle
New York, College of Saint Rose
New York, Columbia University
New York, Concordia College-Bronxville
New York, Cornell University
New York, D?Youville College
New York, Daemen College
New York, Dominican College
New York, Dowling College
New York, Elmira College
New York, Excelsior College
New York, Five Towns College
New York, Fordham University
New York, Hamilton College
New York, Hartwick College
New York, Hebrew Union College-Jewish Institute of Religion
New York, Hilbert College
New York, Hobart and William Smith Colleges
New York, Hofstra University
New York, Houghton College
New York, Iona College
New York, Ithaca College
New York, Keuka College
New York, Laboratory Institute of Merchandising
New York, Le Moyne College
New York, Long Island University
New York, Manhattan College
New York, Manhattan School of Music
New York, Manhattanville College
New York, Marist College
New York, Marymount College
New York, Marymount Manhattan College
New York, Medaille College
New York, Mercy College
New York, Metropolitan College of New York
New York, Molloy College
New York, Monroe College
New York, Mount Saint Mary College
New York, Nazareth College
New York, New School University
New York, New York College of Podiatric Medicine
New York, New York Institute of Technology
New York, New York Medical College
New York, New York University
New York, Niagara University
New York, Nyack College
New York, Pace University
New York, Parsons School of Design
New York, Paul Smith's College
New York, Polytechnic University of New York
New York, Pratt Institute
New York, Rensselaer Polytechnic Institute
New York, Roberts Wesleyan College
New York, Rochester Institute of Technology
New York, Saint Francis College
New York, Sarah Lawrence College
New York, School of Visual Arts
New York, Siena College
New York, Skidmore College
New York, St Bonaventure University
New York, St John Fisher College
New York, St John's University
New York, St Joseph's College
New York, St Lawrence University
New York, St Thomas Aquinas College
New York, State University of New York System (also see -year campuses)
New York, Syracuse University
New York," Teachers College, Columbia University"
New York, The Cooper Union for the Advancement of Science & Art
New York, The Jewish Theological Seminary of America
New York, The Juilliard School
New York, The Rockefeller University
New York, The Sage Colleges
New York, Touro College
New York, Unification Theological Seminary
New York, Union College
New York, Union Theological Seminary
New York, United States Merchant Marine Academy
New York, United States Military Academy
New York, University of Rochester
New York, Utica College of Syracuse University
New York, Vassar College
New York, Wagner College
New York, Webb Institute
New York, Wells College
New York, Yeshiva University
New York,Albany
New York,Arnold & Marie Schwartz College of Pharmacy & Health Sciences
New York,Baruch College
New York,Binghamton
New York,Brentwood Campus
New York,Brooklyn Campus
New York,Brooklyn College
New York,Buffalo
New York,City College
New York,College at Brockport
New York,College at Buffalo (Buffalo State College)
New York,College at Cortland
New York,College at Fredonia
New York,College at Geneseo
New York,College at New Paltz
New York,College at Old Westbury
New York,College at Oneonta
New York,College at Oswego
New York,College at Plattsburgh
New York,College at Potsdam
New York,College at Purchase
New York,College of Agriculture & Technology at Cobleskill
New York,College of Agriculture & Technology at Morrisville
New York,College of Environmental Science & Forestry
New York,College of Staten Island
New York,College of Technology at Alfred
New York,College of Technology at Farmingdale
New York,CW Post Campus
New York,Empire State College
New York,Fashion Institute of Technology
New York,Graduate School & University Center
New York,Health Science Center at Brooklyn
New York,Health Science Center at Syracuse
New York,Hunter College
New York,Institute of Technology at Utica/Rome
New York,John Jay College of Criminal Justice
New York,Lehman College
New York,Maritime College at Ft Schuyler
New York,Medger Evers College
New York,New York City College of Technology
New York,Queens College
New York,Rockland Graduate Campus
New York,Southampton College
New York,Stony Brook
New York,Touro University International
New York,Westchester Campus
New York,York College
North Carolina, Appalachian State University
North Carolina, Barber-Scotia College
North Carolina, Barton College
North Carolina, Belmont Abbey College
North Carolina, Bennett College
North Carolina, Brevard College
North Carolina, Campbell University
North Carolina, Catawba College
North Carolina, Chowan College
North Carolina, Davidson College
North Carolina, Duke University
North Carolina, East Carolina University
North Carolina, Elizabeth City State University
North Carolina, Elon University
North Carolina, Fayetteville State University
North Carolina, Gardner-Webb University
North Carolina, Greensboro College
North Carolina, Guilford College
North Carolina, High Point University
North Carolina, Johnson C Smith University
North Carolina, Lees-McRae College
North Carolina, Lenoir-Rhyne College
North Carolina, Livingstone College
North Carolina, Louisburg College
North Carolina, Mars Hill College
North Carolina, Meredith College
North Carolina, Methodist College
North Carolina, Montreat College
North Carolina, Mount Olive College
North Carolina, North Carolina A&T State University
North Carolina, North Carolina Central University
North Carolina, North Carolina School of the Arts
North Carolina, North Carolina State University
North Carolina, North Carolina Wesleyan College
North Carolina, Peace College
North Carolina, Pfeiffer University
North Carolina, Piedmont Baptist College
North Carolina, Queens University of Charlotte
North Carolina, Roanoke Bible College
North Carolina, Salem College
North Carolina, Shaw University
North Carolina, St Andrews Presbyterian College
North Carolina, St Augustine's College
North Carolina, University of North Carolina System
North Carolina, Wake Forest University
North Carolina, Warren Wilson College
North Carolina, Western Carolina University
North Carolina, Wingate University
North Carolina, Winston-Salem State University
North Carolina,Asheville
North Carolina,Chapel Hill
North Carolina,Charlotte
North Carolina,Greensboro
North Carolina,Pembroke
North Carolina,Wilmington
North Dakota, Dickinson State University
North Dakota, Jamestown College
North Dakota, Mayville State University
North Dakota, Minot State University
North Dakota, North Dakota State University
North Dakota, Trinity Bible College
North Dakota, University of Mary
North Dakota, University of North Dakota
North Dakota, Valley City State University
Ohio, Air Force Institute of Technology
Ohio, Antioch College
Ohio, Art Academy of Cincinnati
Ohio, Ashland University
Ohio, Baldwin-Wallace College
Ohio, Bluffton College
Ohio, Bowling Green State University
Ohio, Capital University
Ohio, Case Western Reserve University
Ohio, Cedarville University
Ohio, Central State University
Ohio, Chancellor University
Ohio, Cincinnati Bible College & Seminary
Ohio, Circleville Bible College
Ohio, Cleveland Institute of Art
Ohio, Cleveland Institute of Music
Ohio, Cleveland State University
Ohio, College of Mount St Joseph
Ohio, Columbus College of Art & Design
Ohio, Defiance College
Ohio, Denison University
Ohio, Franciscan University of Steubenville
Ohio, Franklin University
Ohio, Heidelberg College
Ohio, Hiram College
Ohio, Jack Welch Management Institute
Ohio, John Carroll University
Ohio, Kent State University
Ohio, Kenyon College
Ohio, Lake Erie College
Ohio, Laura & Alvin Siegal College of Judaic Studies
Ohio, Lourdes College
Ohio, Malone College
Ohio, Marietta College
Ohio, Medical College of Ohio
Ohio, Miami University of Ohio
Ohio, Mount Union College
Ohio, Mount Vernon Nazarene College
Ohio, Muskingum College
Ohio, Northeastern Ohio Universities College of Medicine
Ohio, Notre Dame College
Ohio, Oberlin College
Ohio, Ohio Dominican College
Ohio, Ohio Northern University
Ohio, Ohio State University System
Ohio," Ohio University, Athens"
Ohio, Ohio Wesleyan University
Ohio, Otterbein College
Ohio, Shawnee State University
Ohio, The College of Wooster
Ohio, The University of Findlay
Ohio, Tiffin University
Ohio, Union Institute & University
Ohio, University of Akron
Ohio, University of Cincinnati
Ohio, University of Dayton
Ohio, University of Northwestern Ohio
Ohio, University of Rio Grande
Ohio, University of Toledo
Ohio, Urbana University
Ohio, Ursuline College
Ohio, Walsh University
Ohio, Wilberforce University
Ohio, Wilmington College
Ohio, Wittenberg University
Ohio, Wright State University
Ohio, Xavier University
Ohio, Youngstown State University
Ohio,Columbus
Ohio,Lima
Ohio,Mansfield
Ohio,Marion
Oklahoma, Bacone College
Oklahoma, Cameron University
Oklahoma, East Central University
Oklahoma, Langston University
Oklahoma, Mid-America Bible College
Oklahoma, Northeastern State University
Oklahoma, Northwestern Oklahoma State University
Oklahoma, Oklahoma Baptist University
Oklahoma, Oklahoma Christian University of Science & Arts
Oklahoma, Oklahoma City University
Oklahoma, Oklahoma Panhandle State University
Oklahoma, Oklahoma State University
Oklahoma, Oklahoma Wesleyan University
Oklahoma, Oral Roberts University
Oklahoma, Phillips University (closed July )
Oklahoma, Rogers State University
Oklahoma, Southeastern Oklahoma State University
Oklahoma, Southern Nazarene University
Oklahoma, Southwestern Oklahoma State University
Oklahoma, St Gregory's University
Oklahoma, University of Central Oklahoma
Oklahoma, University of Oklahoma
Oklahoma, University of Oklahoma Health Sciences Center
Oklahoma, University of Science & Arts of Oklahoma
Oklahoma, University of Tulsa
Oregon, Concordia University-Portland
Oregon, Eastern Oregon University
Oregon, Eugene Bible College
Oregon, George Fox University
Oregon, Gutenberg College
Oregon, Lewis & Clark College
Oregon, Linfield College
Oregon, Marylhurst University
Oregon, Mount Angel Seminary
Oregon, Multnomah Bible College & Seminary
Oregon, Northwest Christian College
Oregon, Oregon Graduate Institute of Science & Technology
Oregon, Oregon Health Sciences University
Oregon, Oregon Institute of Technology
Oregon, Oregon State University
Oregon, Pacific Northwest College of Art
Oregon, Pacific University
Oregon, Portland State University
Oregon, Reed College
Oregon, Southern Oregon University
Oregon, University of Oregon
Oregon, University of Portland
Oregon, Warner Pacific College
Oregon, Western Baptist College
Oregon, Western Oregon University
Oregon, Western States Chiropractic College
Oregon, Willamette University
Pennsylvania, Albright College
Pennsylvania, Allegheny College
Pennsylvania, Alvernia College
Pennsylvania, American College
Pennsylvania, Arcadia University
Pennsylvania, Baptist Bible College
Pennsylvania, Bloomsburg University of Pennsylvania
Pennsylvania, Bryn Athyn College of the New Church
Pennsylvania, Bryn Mawr College
Pennsylvania, Bucknell University
Pennsylvania, Cabrini College
Pennsylvania, California University of Pennsylvania
Pennsylvania, Carlow College
Pennsylvania, Carnegie Mellon University
Pennsylvania, Cedar Crest College
Pennsylvania, Chatham College
Pennsylvania, Chestnut Hill College
Pennsylvania, Cheyney University
Pennsylvania, Clarion University of Pennsylvania
Pennsylvania, College Misericordia
Pennsylvania, Curtis Institute of Music
Pennsylvania, Delaware Valley College
Pennsylvania, DeSales University
Pennsylvania, Dickinson College
Pennsylvania, Drexel University
Pennsylvania, Duquesne University
Pennsylvania, East Stroudsburg University of Pennsylvania
Pennsylvania, Eastern College
Pennsylvania, Edinboro University of Pennsylvania
Pennsylvania, Elizabethtown College
Pennsylvania, Franklin & Marshall College
Pennsylvania, Gannon University
Pennsylvania, Geneva College
Pennsylvania, Gettysburg College
Pennsylvania, Gratz College
Pennsylvania, Grove City College
Pennsylvania, Gwynedd Mercy College
Pennsylvania, Haverford College in Pennsylvania
Pennsylvania, Holy Family College
Pennsylvania, Immaculata College
Pennsylvania, Indiana University of Pennsylvania
Pennsylvania, Juniata College
Pennsylvania, Keystone College
Pennsylvania, Kings College
Pennsylvania, Kutztown University of Pennsylvania
Pennsylvania, La Roche College
Pennsylvania, Lafayette College
Pennsylvania, Lancaster Bible College
Pennsylvania, LaSalle University
Pennsylvania, Lebanon Valley College
Pennsylvania, Lehigh University
Pennsylvania, Lincoln University
Pennsylvania, Lock Haven University of Pennsylvania
Pennsylvania, Lycoming College
Pennsylvania, Mansfield University of Pennsylvania
Pennsylvania, Marywood University
Pennsylvania, Mercyhurst College
Pennsylvania, Messiah College
Pennsylvania, Millersville University of Pennsylvania
Pennsylvania, Moore College of Art & Design
Pennsylvania, Moravian College
Pennsylvania, Mount Aloysius College
Pennsylvania, Muhlenberg College
Pennsylvania, Neumann College
Pennsylvania, Peirce College
Pennsylvania, Pennsylvania College of Optometry
Pennsylvania, Pennsylvania State University System
Pennsylvania, Philadelphia Biblical University
Pennsylvania, Philadelphia College of Pharmacy & Science
Pennsylvania, Philadelphia University
Pennsylvania, Point Park Morris College
Pennsylvania, Robert Morris College
Pennsylvania, Rosemont College
Pennsylvania, Saint Francis College
Pennsylvania, Saint Joseph's University
Pennsylvania, Saint Vincent College
Pennsylvania, Seton Hill College
Pennsylvania, Shippensburg University of Pennsylvania
Pennsylvania, Slippery Rock University of Pennsylvania
Pennsylvania, Susquehanna University
Pennsylvania, Swarthmore College
Pennsylvania, Temple University
Pennsylvania, Thiel College
Pennsylvania, Thomas Jefferson University
Pennsylvania, University of Pennsylvania
Pennsylvania, University of Pittsburgh
Pennsylvania, University of Scranton
Pennsylvania, University of the Arts
Pennsylvania, University of the Sciences in Philadelphia
Pennsylvania, Ursinus College
Pennsylvania, Valley Forge Christian College
Pennsylvania, Villanova University
Pennsylvania, Washington and Jefferson College
Pennsylvania, Waynesburg College
Pennsylvania, West Chester University of Pennsylvania
Pennsylvania, Westminster College
Pennsylvania, Westminster Theological Seminary
Pennsylvania, Widener University
Pennsylvania, Wilkes University
Pennsylvania, Wilson College
Pennsylvania, York College of Pennsylvania
Pennsylvania,Abington
Pennsylvania,Altoona
Pennsylvania,Beaver
Pennsylvania,"Behrend College, Erie"
Pennsylvania,Berks
Pennsylvania,Bradford
Pennsylvania,College of Medicine
Pennsylvania,Commonwealth College
Pennsylvania,Delaware County
Pennsylvania,Dickinson School of Law
Pennsylvania,DuBois
Pennsylvania,Fayette
Pennsylvania,Great Valley
Pennsylvania,Greensburg
Pennsylvania,Harrisburg
Pennsylvania,Hazleton
Pennsylvania,Johnstown
Pennsylvania,Lehigh Valley
Pennsylvania,McKeesport
Pennsylvania,Mont Alto
Pennsylvania,New Kensington
Pennsylvania,Pennsylvania College of Technology
Pennsylvania,Schuylkill
Pennsylvania,Shenango
Pennsylvania,University Park (main campus)
Pennsylvania,Wilkes-Barre
Pennsylvania,Worthington Scranton
Pennsylvania,York
Puerto Rico, Carlos Albizu University-San Juan
Puerto Rico, Polytechnic University of Puerto Rico
Puerto Rico, Pontifical Catholic University of Puerto Rico
Puerto Rico, Sacred Heart University
Puerto Rico, Sistema Ana G M?ndez
Puerto Rico, Universidad Interamericana de Puerto Rico
Puerto Rico, Universidad Metropolitana
Puerto Rico, University of Puerto Rico
Puerto Rico,Aguadilla Campus
Puerto Rico,Arecibo
Puerto Rico,Arecibo Campus
Puerto Rico,Barranquitas Campus
Puerto Rico,Bayam?n Campus
Puerto Rico,Colegio Universitario del Este
Puerto Rico,College of Technology at Bayam?n
Puerto Rico,Fajardo Campus
Puerto Rico,Guayama Campus
Puerto Rico,Mayaguez
Puerto Rico,Metropolitan Campus
Puerto Rico,Ponce
Puerto Rico,Ponce Campus
Puerto Rico,San Germ?n Campus
Puerto Rico,School of Law
Puerto Rico,School of Optometry
Puerto Rico,Universidad del Turabo
Puerto Rico,Universidad Metropolitana
Rhode Island, Brown University
Rhode Island, Bryant College
Rhode Island, Johnson & Wales University
Rhode Island, Naval War College
Rhode Island, New England Institute of Technology
Rhode Island, Providence College
Rhode Island, Rhode Island College
Rhode Island, Rhode Island School of Design
Rhode Island, Roger Williams University
Rhode Island, Salve Regina University
Rhode Island, University of Rhode Island
South Carolina, Allen University
South Carolina, Anderson College
South Carolina, Benedict College
South Carolina, Bob Jones University
South Carolina, Charleston Southern University
South Carolina, Claflin University
South Carolina, Clemson University
South Carolina, Coastal Carolina University
South Carolina, Coker College
South Carolina, College of Charleston
South Carolina, Columbia College
South Carolina, Columbia International University
South Carolina, Converse College
South Carolina, Erskine College
South Carolina, Francis Marion University
South Carolina, Furman University
South Carolina, Johnson & Wales University-Charleston
South Carolina, Lander University
South Carolina, Limestone College
South Carolina, Medical University of South Carolina
South Carolina, Morris College
South Carolina, Newberry College
South Carolina, North Greenville College
South Carolina, Presbyterian College
South Carolina, Sherman College of Straight Chiropractic
South Carolina, South Carolina State University
South Carolina, Southern Wesleyan University
South Carolina, The Citadel
South Carolina, University of South Carolina System
South Carolina, Voorhees College
South Carolina, Winthrop University
South Carolina, Wofford College
South Carolina,Aiken
South Carolina,Beaufort
South Carolina,Columbia
South Carolina,Lancaster
South Carolina,Spartanburg
South Carolina,Sumter
South Carolina,Union
South Dakota, Augustana College
South Dakota, Black Hills State University
South Dakota, Dakota State University
South Dakota, Dakota Wesleyan University
South Dakota, Mount Marty College
South Dakota, National American University
South Dakota, Northern State University
South Dakota, Oglala Lakota College
South Dakota, Presentation College
South Dakota, Sinte Gleska University
South Dakota, South Dakota School of Mines & Technology
South Dakota, South Dakota State University
South Dakota, University of Sioux Falls
South Dakota, University of South Dakota
Tennessee, Abilene Christian University
Tennessee, Ambassador University (closed spring )
Tennessee, Amberton University
Tennessee, Angelo State University
Tennessee, Aquinas College
Tennessee, Arlington Baptist College
Tennessee, Art Institute of Dallas
Tennessee, Austin College
Tennessee, Austin Peay State University
Tennessee, Austin Presbyterian Theological Seminary
Tennessee, Baptist Memorial College of Health Sciences
Tennessee, Baylor College of Medicine
Tennessee, Baylor University
Tennessee, Belmont University
Tennessee, Bethel College
Tennessee, Bryan College
Tennessee, Carson-Newman College
Tennessee, Christian Brothers University
Tennessee, Church of God Theological Seminary
Tennessee, College of Saint Thomas More
Tennessee, Concordia University-Austin
Tennessee, Crichton College
Tennessee, Criswell College
Tennessee, Cumberland University
Tennessee, Dallas Baptist University
Tennessee, Dallas Christian College
Tennessee, Dallas Theological Seminary
Tennessee, DeVry University-Dallas
Tennessee, East Tennessee State University
Tennessee, East Texas Baptist University
Tennessee, Episcopal Theological Seminary of the Southwest
Tennessee, Fisk University
Tennessee, Freed-Hardeman University
Tennessee, Hardin-Simmons University
Tennessee, Houston Baptist University
Tennessee, Howard Payne University
Tennessee, Huston-Tillotson College
Tennessee, ICI University
Tennessee, Institute for Christian Studies
Tennessee, Jarvis Christian College
Tennessee, Johnson Bible College
Tennessee, King College
Tennessee, Knoxville College
Tennessee, Lamar University
Tennessee, Lambuth University
Tennessee, Lane College
Tennessee, Lee University
Tennessee, LeMoyne-Owen College
Tennessee, LeTourneau University
Tennessee, Lincoln Memorial University
Tennessee, Lipscomb University
Tennessee, Lubbock Christian University
Tennessee, Martin Methodist College
Tennessee, Maryville College
Tennessee, McMurry University
Tennessee, Meharry Medical College
Tennessee, Memphis College of Art
Tennessee, Middle Tennessee State University
Tennessee, Midwestern State University
Tennessee, Milligan College
Tennessee, Northwood University
Tennessee, Our Lady of the Lake University
Tennessee, Parker College of Chiropractic
Tennessee, Paul Quinn College
Tennessee, Rhodes College
Tennessee, Rice University
Tennessee, Saint Mary's University of San Antonio
Tennessee, Sam Houston State University
Tennessee, Schreiner College
Tennessee, South Texas College of Law
Tennessee, Southern Adventist University
Tennessee, Southern College
Tennessee, Southern College of Optometry
Tennessee, Southern Methodist University
Tennessee, Southwest Texas State University
Tennessee, Southwestern Adventist University
Tennessee, Southwestern Assemblies of God University
Tennessee, Southwestern Baptist Theological Seminary
Tennessee, Southwestern Christian College
Tennessee, Southwestern University
Tennessee, St Edward's University
Tennessee, Stephen F Austin State University
Tennessee, Sul Ross State University
Tennessee, Tennessee State University
Tennessee, Tennessee Technological University
Tennessee, Tennessee Temple University
Tennessee, Tennessee Wesleyan College
Tennessee, Texas A&M University System
Tennessee, Texas Chiropractic College
Tennessee, Texas Christian University
Tennessee, Texas College
Tennessee, Texas Lutheran University
Tennessee, Texas Southern University
Tennessee, Texas Tech University
Tennessee, Texas Tech University-Health Sciences Center
Tennessee, Texas Wesleyan University
Tennessee, Texas Woman's University
Tennessee, Trevecca Nazarene University
Tennessee, Trinity University
Tennessee, Tusculum College
Tennessee, Union University
Tennessee, University of Dallas
Tennessee, University of Houston System
Tennessee, University of Mary Hardin-Baylor
Tennessee, University of Memphis
Tennessee, University of North Texas
Tennessee, University of North Texas Health Science Center
Tennessee, University of Saint Thomas
Tennessee, University of Tennessee System
Tennessee, University of Texas System
Tennessee, University of the Incarnate Word
Tennessee, University of the South
Tennessee, Vanderbilt University
Tennessee, Wayland Baptist University
Tennessee, Wiley College
Tennessee,Arlington
Tennessee,Austin
Tennessee,Baylor College of Dentistry
Tennessee,Brownsville
Tennessee,Chattanooga
Tennessee,Clear Lake
Tennessee,College Station
Tennessee,Commerce
Tennessee,Corpus Christi
Tennessee,Dallas
Tennessee,Downtown
Tennessee,El Paso
Tennessee,Galveston
Tennessee,Health Center-Tyler
Tennessee,Health Science Center
Tennessee,Health Science Center-Houston
Tennessee,Health Science Center-San Antonio
Tennessee,Kingsville
Tennessee,Knoxville
Tennessee,main campus
Tennessee,Martin
Tennessee,MD Anderson Cancer Center
Tennessee,Medical Branch
Tennessee,Memphis
Tennessee,Pan American
Tennessee,Permian Basin
Tennessee,Prairie View A&M University
Tennessee,San Antonio
Tennessee,Southwestern Medical Center at Dallas
Tennessee,Tarleton State University
Tennessee,Texarkana
Tennessee,Texas
Tennessee,Texas A&M International University (Laredo)
Tennessee,Tyler
Tennessee,Victoria
Tennessee,West Texas A&M University
Utah, College of Eastern Utah
Utah, Southern Utah University
Utah, University of Utah
Utah, Utah State University
Utah, Utah Valley State College
Utah, Weber State University
Utah, Westminster College
Vermont, Bennington College
Vermont, Burlington College
Vermont, Castleton State University
Vermont, Champlain College
Vermont, College of St Joseph
Vermont, Goddard College
Vermont, Green Mountain College
Vermont, Johnson State College
Vermont, Lyndon State College
Vermont, Marlboro College
Vermont, Middlebury College
Vermont, Norwich University
Vermont, Saint Michael's College
Vermont, School for International Training
Vermont, Southern Vermont College
Vermont, Trinity College
Vermont, University of Vermont
Vermont, Vermont Law School
Vermont, Vermont Technical College
Virginia, Averett College
Virginia, Bluefield College
Virginia, Bridgewater College
Virginia, Christendom College
Virginia, Christopher Newport University
Virginia, College of Health Sciences
Virginia, College of William and Mary
Virginia, Eastern Mennonite University
Virginia, Eastern Virginia Medical School
Virginia, Emory & Henry College
Virginia, Ferrum College
Virginia, George Mason University
Virginia, George Washington University-Virginia Campus
Virginia, Hampden-Sydney College
Virginia, Hampton University
Virginia, Hollins University
Virginia, Institute of Textile Technology
Virginia, James Madison University
Virginia, Liberty University
Virginia, Longwood University
Virginia, Lynchburg College
Virginia, Marine Corps University
Virginia, Mary Baldwin College
Virginia, Mary Washington College
Virginia, Marymount University
Virginia, Norfolk State University
Virginia, Old Dominion University
Virginia, Radford University
Virginia, Randolph-Macon College
Virginia, Randolph-Macon Woman's College
Virginia, Regent University
Virginia, Roanoke College
Virginia, Saint Paul's College
Virginia, Shenandoah University
Virginia, Southern Virginia College
Virginia, Sweet Briar College
Virginia, University of Richmond
Virginia, University of Virginia
Virginia, University of Virginia's College at Wise
Virginia, Virginia Commonwealth University
Virginia, Virginia Intermont College
Virginia, Virginia Military Institute
Virginia, Virginia Polytechnic Institute and State University
Virginia, Virginia State University
Virginia, Virginia Union University
Virginia, Virginia Wesleyan College
Virginia, Washington & Lee University
Virginia, Washington Bible College/Capital Bible Seminary
Washington, Antioch University-Seattle
Washington, Art Institute of Seattle
Washington, Bastyr University
Washington, Central Washington University
Washington, City University
Washington, Eastern Washington University
Washington, Evergreen State College
Washington, Gonzaga University
Washington, Henry Cogswell College
Washington, Heritage College
Washington, Northwest College of the Assemblies of God
Washington, Pacific Lutheran University
Washington, Seattle Pacific University
Washington, Seattle University
Washington, St Martin's College
Washington, Trinity Lutheran College
Washington, University of Puget Sound
Washington, University of Washington
Washington, University of Washington-Bothell
Washington, University of Washington-Tacoma
Washington, Walla Walla College
Washington, Washington State University at Pullman
Washington, Washington State University at Spokane
Washington, Washington State University at Tri-Cities
Washington, Washington State University at Vancouver
Washington, Western Washington University
Washington, Whitman College
Washington, Whitworth College
West Virginia, Alderson-Broaddus College
West Virginia, Bethany College
West Virginia, Bluefield State College
West Virginia, Concord College
West Virginia, Davis & Elkins College
West Virginia, Fairmont State College
West Virginia, Glenville State College
West Virginia, Marshall University
West Virginia, Mountain State University
West Virginia, Ohio Valley College
West Virginia, Salem International University
West Virginia, Shepherd College
West Virginia, University of Charleston
West Virginia, West Liberty University
West Virginia, West Virginia State College
West Virginia, West Virginia University
West Virginia, West Virginia University at Parkersburg
West Virginia, West Virginia University Institute of Technology
West Virginia, West Virginia Wesleyan College
West Virginia, Wheeling Jesuit University
Wisconsin, Alverno College
Wisconsin, Beloit College
Wisconsin, Cardinal Stritch College
Wisconsin, Carroll College
Wisconsin, Carthage College
Wisconsin, Concordia University-Wisconsin
Wisconsin, Edgewood College
Wisconsin, Lakeland College
Wisconsin, Lawrence University
Wisconsin, Maranatha Baptist Bible College
Wisconsin, Marian College of Fond du Lac
Wisconsin, Marquette University
Wisconsin, Medical College of Wisconsin
Wisconsin, Milwaukee School of Engineering
Wisconsin, Mount Mary College
Wisconsin, Mount Senario College
Wisconsin, Northland College
Wisconsin, Ripon College
Wisconsin, Silver Lake College
Wisconsin, St Norbert College
Wisconsin, University of Wisconsin System
Wisconsin, Viterbo College
Wisconsin, Wisconsin Lutheran College
Wisconsin, Wisconsin School of Professional Psychology
Wisconsin,Eau Claire
Wisconsin,Green Bay
Wisconsin,LaCrosse
Wisconsin,Madison
Wisconsin,Milwaukee
Wisconsin,Oshkosh
Wisconsin,Parkside
Wisconsin,Platteville
Wisconsin,River Falls
Wisconsin,Stevens Point
Wisconsin,Stout
Wisconsin,Superior
Wisconsin,Whitewater
Wyoming, University of Wyoming
